,business_id,name,address,city,state,postal_code,categories,review_count,stars,latitude,longitude
78,'44YFU284Z3KDEy25QyVoUw','Nee House Chinese Restaurant',"'13843 N Tatum Blvd, Ste 15'",'Phoenix','AZ','85032',"'Chinese, Restaurants'",269,3.5,33.6130201898,-111.9770356779
1236,'amuNjN2yc_0HRgbMH5UlKw','Jade Fine Chinese Dining',"'34455 N 27 Dr, Ste D 160-162'",'Phoenix','AZ','85085',"'Chinese, Beer, Wine & Spirits, Restaurants, Food'",10,2.5,33.7971416,-112.1180452
3289,'fnaDx7UD4MiodQlgYHDwsQ','Dragon Palace','13825 N 32nd St','Phoenix','AZ','85032',"'Restaurants, Chinese'",213,4.0,33.6124852,-112.012193
3486,'5XIIUcmBADuz1h8W0QztVQ','Panda Express','7630 W Lower Buckeye','Phoenix','AZ','85043',"'Restaurants, Chinese, Fast Food'",32,2.5,33.4234423,-112.2249659
3848,'-oOKqZbYDt08zaWWyLZNIw',"""Yan's""","'9140 W Thomas Rd, Ste B103'",'Phoenix','AZ','85037',"'Specialty Food, Food, Restaurants, Ethnic Food, Chinese'",103,4.0,33.4801128,-112.2575424
4844,'PrCIWEj4-88nMg2jSS4u4Q',"'Judith Jones, NMD'","'4206 E Chandler Blvd, Ste 9, The Natural Pain And Fatigue Relief Ctr'",'Phoenix','AZ','85048',"'Cannabis Clinics, Massage Therapy, Medical Cannabis Referrals, Traditional Chinese Medicine, Naturopathic/Holistic, IV Hydration, Acupuncture, Doctors, Pain Management, Health & Medical'",4,5.0,33.305618599999995,-111.9922922
5161,'Ng5MQHIVfUAUzWQeNk28PQ','Life Harmony Wellness','','Phoenix','AZ','85048',"'Traditional Chinese Medicine, Life Coach, Fertility, Acupuncture, Health & Medical, Doctors, Professional Services'",4,5.0,33.3122624,-112.03571370000002
5751,'ueBZ4UoRXdq1eXrlPgnf5A','Canton Wong','2545 N 32nd St','Phoenix','AZ','85008',"'Restaurants, Chinese'",13,2.5,33.476641,-112.012479
6006,'YZQVfJOprZIN6eTc8q_C7w','China Chef Bistro',"'2017 E Cactus Rd, Ste G'",'Phoenix','AZ','85022',"'Soup, Restaurants, Chinese'",10,4.0,33.5962128,-112.0361329
6297,'WWZgzuTn1k7Yn9bJ_Pr0Kg','Bamboo Grille',"'3049 W Agua Fria Fwy, Ste B-3'",'Phoenix','AZ','85027',"'Japanese, Restaurants, Chinese'",33,3.0,33.6664543152,-112.1245269775
6788,'ygKRVzf8aOwqh78pbuRBgg','Panda Express',"'3400 Sky Harbor Blvd, Terminal 4'",'Phoenix','AZ','85034',"'Restaurants, Chinese, Fast Food'",19,2.5,33.437548,-111.999108
7491,'P0k48-YlKuxskB7ys2Ir0A','Rice To You','5132 W McDowell Rd','Phoenix','AZ','85035',"'Chinese, Restaurants'",37,3.5,33.4664341,-112.1696754
9264,'lKFSRJ5tC0OIETgpzTB5kg','Eastern Buffet','1617 E Thomas Rd','Phoenix','AZ','85016',"'Restaurants, Chinese, Buffets'",4,1.5,33.4799005,-112.046838
9411,'ZIdR-IopAtU5PH_mGtUAbw','Ben Brothers Market','1645 E Van Buren St','Phoenix','AZ','85006',"'Restaurants, Chinese, Grocery, Food'",13,3.5,33.4512201,-112.0457432
10315,'pBartPeLXbTAxoOOqp7HZg','Jumbo Buffet','3414 W Southern Ave','Phoenix','AZ','85041',"'Buffets, Chinese, Restaurants'",35,2.0,33.3931495,-112.1317218
11072,'YBIhTjmEH3IEZW4Dr5ReRA',"""Wong's Chinese Cuisine""","'10540 W Indian School Rd, Ste 4'",'Phoenix','AZ','85037',"'Asian Fusion, Restaurants, Cantonese, Chinese'",296,4.5,33.4942321105,-112.28811342799999
12761,'baIT89GubjGJV1mpn82Eeg','Liyuen','1602 S 7th Ave','Phoenix','AZ','85007',"'Chinese, Restaurants'",63,4.5,33.432961,-112.0827313
14729,'5m8RU4PfX75z1b4PawEOMg',"'True Acupuncture Phoenix AZ By David Bell, LAc'","'301 Bethany Home Rd, Ste A-133'",'Phoenix','AZ','85012',"'Acupuncture, Traditional Chinese Medicine, Health & Medical, Massage Therapy'",7,5.0,33.5230352,-112.0687082
14899,'PuJicbFBW8VFAbXI1MS9Tw','The Clinic of Quan Acupuncture & Pain Relief',"'4550 E Bell Rd, Bldg 8'",'Phoenix','AZ','85032',"'Massage Therapy, Traditional Chinese Medicine, Health & Medical, Acupuncture'",19,5.0,33.6414704,-111.9834138
14902,'oacm52KPpEpOBf_M2sARLA','Lucky Wok','8510 N 7th St','Phoenix','AZ','85020',"'Restaurants, Chinese'",24,3.5,33.560998299999994,-112.0656565
15196,'CrM_FY9NIoDWudQYHlO7UQ','Dragon Island Chinese Restaurant','1739 W Glendale Ave','Phoenix','AZ','85021',"'Chinese, Restaurants'",21,4.5,33.538144,-112.096976
16349,'cHdJXLlKNWixBXpDwEGb_A','Chino Bandido',"'15414 N 19th Ave, Ste K'",'Phoenix','AZ','85023',"'Caribbean, Szechuan, Mexican, Restaurants, Chinese, New Mexican Cuisine, Asian Fusion, Latin American'",1600,4.0,33.626831376,-112.1002996485
17063,'2gI7dlktBQXPZiuOW-HWvw',"""Li's Bowl""",'6260 S 35th Ave','Phoenix','AZ','85041',"'Chicken Wings, Chinese, Restaurants, Sushi Bars'",133,3.5,33.3893835,-112.13421909999998
17565,'pdy6EAcJvZks1hKogxOj6Q','New Asian Kitchen','4231 W Bell Rd','Phoenix','AZ','85053',"'Chinese, Restaurants'",152,4.0,33.638766,-112.150357
19425,'bI4emjU96ZvGQRTwxItd2w','Tom Yum Downtown','110 N Central Ave','Phoenix','AZ','85004',"'Ethnic Food, Vietnamese, Food, Restaurants, Specialty Food, Chinese, Imported Food, Thai'",141,3.5,33.449568,-112.0740163
21471,'CXFARDJEpOreI9Xyxzl8Yw','Great China Super Buffet','1501 W Bethany Home Rd','Phoenix','AZ','85015',"'Restaurants, Chinese, Buffets'",14,2.5,33.5239687,-112.0911673
21694,'Vicyayl5aW6fC9oN7H4U8Q','Total Wellness Acupuncture',"'3201 W Peoria Ave, Ste C-607'",'Phoenix','AZ','85029',"'Doctors, Health & Medical, Traditional Chinese Medicine, Massage, Acupuncture, Naturopathic/Holistic, Beauty & Spas'",14,4.5,33.58152800000001,-112.129099
21722,'SaTA8vxwlX-IYKRRRQbxFw','Pink Lotus Express','18635 N 35th Ave','Phoenix','AZ','85027',"'Restaurants, Chinese, Seafood'",17,3.0,33.6559721,-112.13388
22480,'AMM3qOH9DUQzJHm9Q3vHag','Red Wok Buffet','3434 E Thomas Rd','Phoenix','AZ','85018',"'Buffets, Chinese, Restaurants'",129,3.0,33.4808153,-112.0069764
22778,'gJpe4zhZV9ajKJyX5yN85A','Peony Garden Buffet','4909 E Chandler Blvd','Phoenix','AZ','85048',"'Buffets, Mongolian, Sushi Bars, Restaurants, Chinese'",38,3.0,33.303884499999995,-111.9787978
23148,'yzfp-WYIfcwRwcuMc6Uelw','Pick Up Stix','777 E Thunderbird Rd','Phoenix','AZ','85022',"'Restaurants, Chinese'",4,2.0,33.6075454,-112.0634243
23672,'QOmojzu24dTI2coPjOtu2Q','Good Taste House','8510 N 7th St','Phoenix','AZ','85020',"'Chinese, Restaurants'",92,2.5,33.5606210688,-112.06543046430001
23732,'RnxOmwWVsJC87ztJPrHsig','Red Wok Express','7509 W Encanto Blvd','Phoenix','AZ','85035',"'Chinese, Fast Food, Restaurants'",33,3.5,33.471981,-112.22132
25517,'wrRxFrnUucvR4dlG6Q9fKA','Panda Express','2501 W Happy Valley Rd','Phoenix','AZ','85085',"'Fast Food, Restaurants, Chinese'",51,2.5,33.711702,-112.111312
26197,'m9iqRUgclcsQs-z8c2FTeA','Suddenly Slimmer Day and Med Spa','3313 E Indian School Rd','Phoenix','AZ','85018',"'Waxing, Beauty & Spas, Traditional Chinese Medicine, Medical Spas, Barbers, Automotive, Nail Salons, Day Spas, Hair Removal, Nutritionists, Laser Hair Removal, Tanning, Skin Care, Health & Medical, Acupuncture, Makeup Artists'",189,3.5,33.494812,-112.0096334
26252,'2p346MdyPISpZ2k-h0GSqg','Flaming Wok','7611 W Thomas Rd','Phoenix','AZ','85033',"'Chinese, Restaurants'",11,4.0,33.4765,-112.224647
27454,'s6KtKeubYAa-sY9OC3i58Q','Happy Food','3 W Baseline Rd','Phoenix','AZ','85041',"'Restaurants, Chinese'",29,3.5,33.376992,-112.073634
27457,'2GtIC6u4hVneccWfTlOxHQ','Hong Kong Gourmet Buffet','4909 E Chandler Blvd','Phoenix','AZ','85048',"'Sushi Bars, Ice Cream & Frozen Yogurt, Chinese, Asian Fusion, Restaurants, Buffets, Seafood, Japanese, Food, Fast Food'",177,3.0,33.3039011,-111.9784087
27485,'i0V2H_x_rRbFHjJNEsctqA','Rejuvenate Center',"'10211 N 32nd St, Ste B-1'",'Phoenix','AZ','85028',"'Health & Medical, Traditional Chinese Medicine, Acupuncture'",5,4.0,33.579364500000004,-112.012519
27672,'M4JY5zYBcDoudg9HGc6mEg','Hive Healing House','1357 W Mulberry Dr','Phoenix','AZ','85013',"'Professional Services, Counseling & Mental Health, Acupuncture, Health & Medical, Hypnosis/Hypnotherapy, Traditional Chinese Medicine'",12,5.0,33.4865345,-112.0910914
27848,'suNSq8Bs2vsN1nHlOULNog','Wongs To Go','5219 S 7th St','Phoenix','AZ','85040',"'Soup, Restaurants, Chinese, Noodles'",8,4.0,33.3988083,-112.0643361
28638,'R7-3MCD6_RL_VxN65yCh2Q','Great Wok',"'3646 E Ray Rd, Ste 12'",'Phoenix','AZ','85044',"'Chinese, Restaurants'",131,4.0,33.3165932,-112.003623
29524,'atSfDP-SLY4GrvBlBPB31Q',"""Kim's Chinese Kitchen""","'3015 E Thomas Rd, Ste 7'",'Phoenix','AZ','85016',"'Chinese, Restaurants, Food Delivery Services, Dim Sum, Food'",50,4.0,33.4802788,-112.0166875
30615,'fGrE4Om-cTh_JgQC42qx9A','Panda Express',"'4750 S 48th St, Ste 121'",'Phoenix','AZ','85040',"'Fast Food, Chinese, Restaurants'",58,2.0,33.4041326,-111.9789375
31528,'dgtPyWPSFiINs6GJZjS4Cg','New Silver Dragon','1739 W Glendale Ave','Phoenix','AZ','85021',"'Restaurants, Chinese'",28,3.5,33.5381881274,-112.0969280172
34247,'7XRbA_t8UNxMHkdslLd5Tw','China Buffet','7710 W Lower Buckeye Rd','Phoenix','AZ','85043',"'Chinese, Restaurants'",3,4.0,33.4233639,-112.2260121
34417,'gBEWJ4b2OvUmN4Oh7ju3hw','Iron Chef',"'10810 N Tatum Blvd, Ste 106'",'Phoenix','AZ','85028',"'Restaurants, Chinese, Japanese, Sushi Bars'",399,4.0,33.5850671365,-111.97846899620001
34488,'AUFFJBCh6spwBFJI6SnITg','Chen Wok Express','8115 N 19th Ave','Phoenix','AZ','85021',"'Restaurants, Chinese'",41,3.0,33.55515870000001,-112.0991954
34588,'nBwOIq5KI-zmxp061dTmgw','Chen & Wok','6505 N 7th St','Phoenix','AZ','85014',"'Chinese, Restaurants'",158,3.5,33.5311918285,-112.06452295940001
36623,'m3tNor-GTl-aAST5AmEqYA',"""Lin's Grand Buffet""",'7406 W McDowell Rd','Phoenix','AZ','85035',"'Buffets, Restaurants, Cantonese, Chinese, Sushi Bars'",110,3.0,33.4662093811,-112.2189348
36676,'Jzz-ZLXsd2ClSn6UyFcbpw','Sing High Chop Suey House','27 W Madison St','Phoenix','AZ','85003',"'Chinese, Restaurants'",145,3.0,33.4458929,-112.0744377
36985,'TdjydrOFUSMUsTKdlXW6aQ','New Garden Restaurant','823 S Central Ave','Phoenix','AZ','85004',"'Restaurants, Chinese'",53,4.0,33.4392672,-112.0735794
37988,'4NfjvMzUG5rbkxtPg-8pkw','Panda Express',"'7000 16th St, Ste 100'",'Phoenix','AZ','85020',"'Restaurants, Chinese, Fast Food'",37,2.5,33.538635502199995,-112.0483822469
38662,'uLUl_dMl6a9m774LGReDVA','Golden Wok Chinese Restaurant','4651 E Cactus Rd','Phoenix','AZ','85032',"'Restaurants, Chinese'",77,3.5,33.5974178719,-111.98163561530001
41571,'cI7k9zqs_pl3byUDE4cpdA','Golden Phoenix Chinese Restaurant','6048 N 16th St','Phoenix','AZ','85016',"'Chinese, Restaurants'",97,3.0,33.524830800000004,-112.04800159999998
42140,'kWkW6vVePpBox_fKfGgPjQ','Pan Asia Sushi Chinese Fusion',"'2485 E Baseline Rd, Ste 157'",'Phoenix','AZ','85042',"'Sushi Bars, Chinese, Restaurants'",89,3.0,33.377113800000004,-112.0278885
44714,'6SfNZP1oqiQV1AYLK9A8WA',"""Long Wong's""",'545 W Thomas Rd','Phoenix','AZ','85013',"'Chinese, Chicken Wings, Restaurants, Fast Food'",42,3.5,33.4800859,-112.08249840000002
45242,'8jWuRoHUFCXPdGVIYHTg5g','Great Wall Buffet Two Corporation','8101 N 35th Ave','Phoenix','AZ','85051',"'Restaurants, Chinese'",11,2.5,33.5549658,-112.1342358
45748,'1F4T9e6bRFwL11wnNxW4Ng','Panda Express','3923 E Thomas Rd','Phoenix','AZ','85018',"'Fast Food, Chinese, Restaurants'",36,2.0,33.480056558,-111.99783875840001
46916,'Yp1mu3l4Z8rdgsG3C2AlpA','Silver Dragon Chinese Restaurant','8946 N 19th Ave','Phoenix','AZ','85021',"'Chinese, Restaurants'",3,4.0,33.566809,-112.100097
47296,'2jx_SaBzvIdIwul4JoY9IA','China Restaurant','4709 E Southern Ave','Phoenix','AZ','85042',"'Chinese, Restaurants'",54,3.5,33.392382399999995,-111.9802861
47435,'E8ugJa02FVCgfnjqV817iw','Maxim Restaurant','3424 N 19th Ave','Phoenix','AZ','85015',"'Vietnamese, Restaurants, Chinese'",191,4.0,33.4884076,-112.1003957
48893,'RezqChEv5DPJC85d20R85A','Japanese Acupuncture',"'600 N 4th St, Ste 147'",'Phoenix','AZ','85004',"'Acupuncture, Health & Medical, Traditional Chinese Medicine'",14,5.0,33.4549229,-112.0691082
50095,'kZWjEMEM4vCBL9GaQy-spw','9 Dragons Kung Fu',"'20833 N Cave Creek Rd, Ste 102'",'Phoenix','AZ','85024',"'Active Life, Fitness & Instruction, Martial Arts, Chinese Martial Arts'",6,5.0,33.6753349655,-112.0300126429
50655,'prrnJEMpCh1cSxrQJBYy7g','Hibachi City Buffet',"'3414 W Southern Ave, Ste 168'",'Phoenix','AZ','85041',"'Buffets, Restaurants, Sushi Bars, Chinese'",13,2.0,33.392204716799995,-112.1316669881
50808,'ViFDeMpfxe0EdIgOhX48Kw','Urban Wok','100 N 3rd St','Phoenix','AZ','85004',"'Chinese, Restaurants'",6,1.0,33.4493510913,-112.0692680776
51303,'Ozf92eEJSwwb3LbO50cvag','Dao Kitchen #2 Asian Bistro','34455 N 27th Dr','Phoenix','AZ','85085',"'Chinese, Asian Fusion, Restaurants'",113,3.5,33.7974208,-112.1175456
51494,'trsKoo2b9-nMcXCKn8dlfQ','Good China Restaurant',"'6544 W Thomas Rd, Ste 38'",'Phoenix','AZ','85033',"'Chinese, Restaurants'",59,4.0,33.481251,-112.202466
51810,'q-3Q3t3RS4qiW51fDIEvyQ','New China Super Buffet','601 W Bell Rd','Phoenix','AZ','85023',"'Chinese, Buffets, Restaurants'",107,2.5,33.6394811,-112.0813108
51884,'DL7V1_chkWkZtyG4_xNYfw','Pei Wei',"'701 W McDowell Rd, Ste 101'",'Phoenix','AZ','85003',"'Fast Food, Gluten-Free, Thai, Restaurants, Asian Fusion, Chinese, Korean'",223,2.5,33.465571657199995,-112.0828567121
51903,'pdWnWH3SnjTTkRZx0y2wSw','New China Buffet','2939 N 24th St','Phoenix','AZ','85016',"'Buffets, Chinese, Restaurants'",10,2.0,33.4818808,-112.0298819
52074,'rBBAD_fHaYnqWC_APHO2SQ','Go Go China',"'13636 N Tatum Blvd, Ste 10'",'Phoenix','AZ','85032',"'Chinese, Restaurants'",71,2.5,33.610826,-111.9791238
52869,'drIFrAyZnyismS1ArZlmAg','Loving Hut','3239 E Indian School Rd','Phoenix','AZ','85018',"'Vietnamese, Vegetarian, Restaurants, Chinese, Sandwiches, Vegan'",263,4.0,33.494905,-112.0113546
53742,'V9Yta_aOk2-bQm5PiYhOsQ','Panda Express','7510 W Thomas Rd','Phoenix','AZ','85033',"'Chinese, Restaurants, Fast Food'",26,2.0,33.480643,-112.2211237
54574,'lEtpTFWetCf6xnzeImLiHg',"""Mr Chao's Asia Bistro""","'4232 E Chandler Blvd, Ste 4'",'Phoenix','AZ','85048',"'Restaurants, Asian Fusion, Chinese'",77,4.0,33.305945,-111.99117
54942,'7wgNlcLTfQq8CHBob7AGHg','Panda Express',"'3923 E Thunderbird Rd, Suite 111'",'Phoenix','AZ','85032',"'Chinese, Fast Food, Restaurants'",25,3.0,33.6109922273,-111.9963693704
55205,'iKvNhthGJpn_wPBuaPHiJw','Phoenix Institute of Herbal Medicine & Acupuncture',"'301 E Bethany Home Rd, Suite A-100'",'Phoenix','AZ','85012',"'Traditional Chinese Medicine, Colleges & Universities, Health & Medical, Acupuncture, Education'",6,3.5,33.5224977,-112.0685254
55555,'-jKBFjNTbiafSdunQy6dlQ','Mandarin Super Buffet','1501 W Bethany Home Rd','Phoenix','AZ','85015',"'Restaurants, Asian Fusion, Buffets, Cantonese, Food, Chinese'",125,2.5,33.524008,-112.091192
55867,'QyfX-6jFfINH1MuXS8R6ZA','Abacus Inn Chinese Restaurant',"'4747 E Elliot Rd, Ste 6'",'Phoenix','AZ','85044',"'Chinese, Restaurants'",15,3.0,33.3480616,-111.98202140000002
56332,'u5xy3VHIry2LZ9q9Co-KLA','China Garden Restaurant','17201 N 19th Ave','Phoenix','AZ','85023',"'Buffets, Restaurants, Chinese'",27,3.5,33.641965500000005,-112.09969879999998
56444,'QDJBn7I1EdtP9w4nYT24Pw','Lucky Kitchen','1520 W Indian School Rd','Phoenix','AZ','85015',"'Restaurants, Fast Food, Chinese, Italian, Food, Food Delivery Services'",137,3.0,33.4954325375,-112.0921359153
58167,'cRCYeQOWjveBc0-SHwXCPg','Pick Up Stix','1935 E Camelback Road','Phoenix','AZ','85016',"'Chinese, Restaurants'",16,2.5,33.508736,-112.04148899999998
60452,'qIbXdUmyiKsSAnsTuIe_1A','Ninja Bowl',"'2040 W Deer Valley Rd, Ste A'",'Phoenix','AZ','85027',"'Japanese, Donuts, Restaurants, Chinese, Food'",6,3.5,33.68439,-112.103672
60967,'6oyUUtgIqBEnMnB9B7-O7A','Dragon Chinese Restaurant','1739 W Glendale','Phoenix','AZ','85021',"'Restaurants, Chinese'",11,4.0,33.538144,-112.096976
61128,'aVKBmuvdDmEOgOfqaSF_xA','Happy Food','6701 W Thomas Rd','Phoenix','AZ','85033',"'Restaurants, Chinese'",45,4.0,33.4798487,-112.204039
61759,'5z-kd3h50BnaE1Ee8GV5bg',"""Lim's Chinese Buffet""",'2412 E Greenway Rd','Phoenix','AZ','85032',"'Chinese, Restaurants, Buffets'",55,3.5,33.62691220000001,-112.0297986
63619,'hKFF8inOc_bK0P7bZBv37g','Pick Up Stix','10810 N Tatum Blvd','Phoenix','AZ','85028',"'Chinese, Restaurants'",4,4.0,33.5838313,-111.9786204
64350,'nlU0Gp7KCN2hjIzcTdWy0w','Golden Bowl Chinese Food','3208 E Cactus Rd','Phoenix','AZ','85032',"'Chinese, Restaurants'",10,3.5,33.5974201,-112.0123844
65332,'RdK6dhy4lOb2taNp-WrHjQ','El Mesquite Cocina Mexicana',"'26 E Baseline Rd, Ste 120'",'Phoenix','AZ','85042',"'Restaurants, Japanese, Chinese, Mexican, Diners, Thai, Seafood, Breakfast & Brunch'",64,4.0,33.378822233600005,-112.0716812295
65845,'n1S7XnZfCCDIWlMZ8yUvEw','Panda Express',"'3013 W Agua Fria Freeway C1-a, Ste 4'",'Phoenix','AZ','85027',"'Fast Food, Chinese, Restaurants'",30,3.0,33.6666466247,-112.12385335309999
66716,'bWjAFePgWj4op9VwUtKU6w','Little King of Kings','1750 W Van Buren St','Phoenix','AZ','85007',"'Restaurants, Salad, Chinese, Mexican, Sushi Bars'",5,3.5,33.451434086999996,-112.09766580200001
67332,'3G_wGIblXDNRYg4xIe9VZA','Golden Moon Palace Restaurant','1408 W Van Buren St','Phoenix','AZ','85007',"'Restaurants, Chinese'",9,3.5,33.4516155,-112.0905491
67644,'6eUJ3BbrP7tsEKwYhMI4_Q','Yunan Wok',"'2948 E Bell Rd, Ste 103'",'Phoenix','AZ','85032',"'Chinese, Restaurants'",29,2.0,33.64099960000001,-112.0188999
67933,'-voRkfS42YKYsrJ9DV0FxQ','Panda Express',"'2434 E Baseline Rd, Ste 101'",'Phoenix','AZ','85042',"'Fast Food, Restaurants, Chinese'",38,2.5,33.378393,-112.028684
68429,'dslG9vlmSVUa7PnK0syMkg','Simply In Demand Chiropractic',"'34406 N 27th Dr, Ste 124'",'Phoenix','AZ','85085',"'Pets, Acupuncture, Naturopathic/Holistic, Veterinarians, Chiropractors, Doctors, Traditional Chinese Medicine, Health & Medical'",7,5.0,33.796596,-112.11961
69326,'uBZjhmmqzIwxdTeIKopCEg',"""Yu's Cafe""",'1920 W Thunderbird Rd','Phoenix','AZ','85023',"'Restaurants, Chinese'",15,3.5,33.6115645,-112.1008455
70253,'Gda4SfsyvOKC0cZkXEjTzg','Chinese Gourmet Buffet','5301 W Indian School Rd','Phoenix','AZ','85031',"'Buffets, Chinese, Restaurants'",4,2.0,33.4944809,-112.17367240000002
70264,'pTr0UQn7oWW4wxF6qPEXdw','Mein Man','2929 W Acoma Dr','Phoenix','AZ','85053',"'Event Planning & Services, Restaurants, Caterers, Chinese, Food, Food Trucks, Street Vendors'",8,5.0,33.6174152,-112.12138799999998
70747,'aPXqM0otWirctn5d4HkTNQ','Imperial Garden Chinese Buffett','1575 E Camelback Rd','Phoenix','AZ','85014',"'Chinese, Buffets, Restaurants'",3,3.0,33.5089548,-112.0483091
71880,'r9x6Pvgh7SH7TInybHtl0A','Oriental Express',"'18631 N 19th Ave, Ste 150'",'Phoenix','AZ','85027',"'Sushi Bars, Chinese, Restaurants'",40,3.0,33.6558418,-112.0985274
73208,'tp-kxTZx1ogZm4oNu6d-gQ','Jesse James Body Wellness','6370 E Thomas Rd','Phoenix','AZ','85250',"'Active Life, Reflexology, Medical Spas, Food, Meditation Centers, Life Coach, Juice Bars & Smoothies, Health & Medical, Beauty & Spas, Float Spa, Traditional Chinese Medicine, Health Coach, Reiki, Nutritionists, Doctors, Naturopathic/Holistic, Massage Therapy, Rolfing, Weight Loss Centers, Massage, Fitness & Instruction, Professional Services'",15,5.0,33.4808998145,-111.94502960370001
73362,'GbLdYTOMHqaCLDTSlgC1lw','Golden Nugget Chinese Buffet','4955 W Indian School Rd','Phoenix','AZ','85031',"'Chinese, Restaurants, Buffets'",15,3.0,33.4946269,-112.1668902
74610,'v1vcs-uSAQcjTFsHxS1dug','Bamboo House','502 E Thunderbird Rd','Phoenix','AZ','85022',"'Chinese, Restaurants'",91,3.0,33.608092799999994,-112.0663045
74829,'myw0csRck6XG4w5Z-EFyqg','Dragon Bowl',"'814 E Union Hills Dr, Ste C-14'",'Phoenix','AZ','85024',"'Chinese, Restaurants'",193,4.0,33.6561233,-112.0629591
75924,'ki8DalibpkEUDbWjQnJ5WA','China Chan Restaurant','10227 N Metro Pkwy E','Phoenix','AZ','85051',"'Chinese, Restaurants, Buffets, Dim Sum'",40,4.0,33.5803589,-112.120516
76002,'T30RkAqYAtljfapSghHA1Q','Garden Express','1825 W Buckeye Rd','Phoenix','AZ','85007',"'Restaurants, Chinese'",6,4.0,33.436326300000005,-112.0982639
77018,'SVMR0kRmdd-bbSNTTECJBA','Super Dragon','1212 E Northern Ave','Phoenix','AZ','85020',"'Seafood, Restaurants, Chinese, Soup'",187,4.0,33.5530668,-112.0558575
77241,'079CV1EE5WLdQqVEVYFeHQ','The Prime Chinese Restaurant',"'24 W Camelback Rd, Ste H'",'Phoenix','AZ','85013',"'Restaurants, Chinese'",158,4.0,33.5098269741,-112.07547861569999
77835,'JdbYyxufvaU6uwmNg0EqhQ','China Inn','3 S 2nd St','Phoenix','AZ','85004',"'Restaurants, Chinese'",3,2.0,33.4470733,-112.07097749999998
78067,'ZCzey5aPhd7jYIoHsUfjmQ','Clever Koi',"'4236 N Central Ave, Ste 100'",'Phoenix','AZ','85012',"'Chinese, Bars, Japanese, Restaurants, Thai, Asian Fusion, Nightlife, Korean'",867,4.5,33.497502000000004,-112.0740325
78882,'rswuhMY5vCbvZvF2wBIhqg','Sun Asian Kitchen',"'2070 E Baseline Rd, Ste D112'",'Phoenix','AZ','85042',"'Restaurants, Asian Fusion, Chinese, Sushi Bars'",214,3.5,33.378349699999994,-112.03697920000002
79229,'hjDCsuzS_yU60FFffqpt-w','Hibachi Grill & Supreme Buffet','10030 N Metro Pkwy E','Phoenix','AZ','85051',"'Buffets, Chinese, Restaurants'",101,2.5,33.577893700000004,-112.1189045
79589,'n62dcL1e8BQA1_kUEYrldQ','Shangri-La Chinese','2855 W Cactus Rd','Phoenix','AZ','85029',"'Restaurants, Chinese'",131,4.0,33.5957251,-112.12053590000002
80668,'nD_06cH9Djagl-WCfaDidA','Innate Healthcare',"'4840 E Indian School Rd, Ste 104'",'Phoenix','AZ','85018',"'Sports Medicine, Counseling & Mental Health, Naturopathic/Holistic, Pain Management, Doctors, Traditional Chinese Medicine, Health & Medical, Cannabis Clinics, Weight Loss Centers, Acupuncture'",4,5.0,33.4954835,-111.9768882
81159,'-H1-IzxW6CXmjhmF5F6iMA','Green Tea Chinese Restaurant',"'3961 E Chandler Blvd, Ste 100'",'Phoenix','AZ','85048',"'Restaurants, Chinese'",49,3.5,33.3036581382,-111.9984651357
83599,'IAqyeVG1ZMrv7hiV3FAB6Q','Shanghai Buffet','4201 W Bell Rd','Phoenix','AZ','85053',"'Chinese, Restaurants, Buffets'",54,3.0,33.6391367,-112.1492386
83940,'cJzv3fbd7jL2ZHyFosFkOw','King Wong Chinese Food','2545 N 32nd St','Phoenix','AZ','85008',"'Restaurants, Mexican, Chinese, Seafood'",217,4.0,33.4766277,-112.0128996
85710,'gso5aisp97oTIWWzoRGUiw','Great Dragon Restaurant','2624 W Bethany Home Rd','Phoenix','AZ','85017',"'Restaurants, Buffets, Chinese'",21,2.0,33.5244141,-112.11503590000002
86087,'CGgUHkAKU0QBsdGvXxfMuw','Mister Wong','10627 N 19th Ave','Phoenix','AZ','85029',"'Restaurants, Chinese'",77,3.5,33.5829417,-112.0993303
87031,'cXdQ3H0GqcIzRgrvBEaBxw','Noodle & Rice',"'2017 E Cactus Rd, Ste G'",'Phoenix','AZ','85022',"'Restaurants, Noodles, Thai, Chinese'",191,4.0,33.59618629999999,-112.0361236
87325,'OX0T9dWI8b7meu-ljTo22A',"""Long Wong's""",'2812 E Thomas Rd','Phoenix','AZ','85016',"'Restaurants, Armenian, Burgers, Chicken Wings, Sandwiches, Chinese, American (New), American (Traditional), Pizza'",129,3.5,33.480799600000005,-112.0207968
87929,'eCJDiRPoSuA0bsb7F1gNUA','Asian Cafe',"'2510 W Thunderbird Rd, Ste 9'",'Phoenix','AZ','85023',"'Fast Food, Restaurants, Szechuan, Chinese, Asian Fusion'",50,4.0,33.6117852,-112.1105198
88327,'9QgkfSUUY5bq0rO7sAq0cA','Panda Express','3300 W Camelback Rd','Phoenix','AZ','85017',"'Chinese, Fast Food, Restaurants'",3,2.5,33.51357,-112.130101
88914,'bj6Km1RvgD6oyppCe5yDog','New Hong Kong','2328 E Indian School Rd','Phoenix','AZ','85016',"'Chinese, Restaurants, Buffets'",65,3.5,33.4949655,-112.0310218
89562,'z01_gDUfmedOuX2UZYF33w','E-Z Buffet','3202 E Greenway Rd','Phoenix','AZ','85032',"'Chinese, Restaurants, Buffets'",26,2.0,33.6272318,-112.0121147
90491,'oZfNL6ZFdITqfwJzcE-LyA','Canton Wong #8','7050 S Central Ave','Phoenix','AZ','85042',"'Chinese, Restaurants'",58,3.5,33.3815553,-112.0736476
90888,'z5hh524-H3q-65CfVXIi4Q','Infinity Acupuncture & Wellness','','Phoenix','AZ','85022',"'Traditional Chinese Medicine, Acupuncture, Tui Na, Health & Medical'",4,4.0,33.627548299999994,-112.0595603
92461,'caBiQN3OwW4P3hfUFm2vQw','Panda Express',"'903 E Bell Rd, Ste 101'",'Phoenix','AZ','85022',"'Fast Food, Restaurants, Chinese'",38,3.0,33.6398884,-112.060911
92959,'6MhY_9EkUkKCvvN8rzXZzg','Gourmet House Of Hong Kong','1438 E McDowell Rd','Phoenix','AZ','85006',"'Restaurants, Chinese'",112,3.5,33.4660115,-112.0503186
95900,'YmY9lwUzXtT9b56AWe03zQ','New King Wah Chinese Buffet','220 E Southern Ave','Phoenix','AZ','85040',"'Chinese, Restaurants, Buffets'",3,2.5,33.392663,-112.070677
96472,'-U8hTUEJHKROEaX5rGoqzA','Pegasus Foot Spa','1243 E Northern Ave','Phoenix','AZ','85020',"'Health & Medical, Traditional Chinese Medicine, Reflexology'",27,4.5,33.552768900000004,-112.055043
96774,'_8c3Ky90nE50rN4Mb_Sxtw','Hsin Cafe',"'120 E Taylor St, Ste 150'",'Phoenix','AZ','85004',"'Chinese, Restaurants, Asian Fusion'",70,3.5,33.4539237,-112.0719801
97661,'ypgo_xEb2dghMT-jlJAo3g','New China Buffet',"'4105 N 51st Ave, Ste 145'",'Phoenix','AZ','85031',"'Buffets, Chinese, Restaurants'",9,2.5,33.496392,-112.16714640000002
97745,'KWTv8elo9HiN9sIKvN0_bQ',"""Lin's Golden Chinese Restaurant""",'5037 W Thomas Rd','Phoenix','AZ','85035',"'Restaurants, Chinese'",10,4.5,33.48001,-112.167718
98499,'kX7WbqeZX10OjAFjWoe6ww','King Wong Chinese Food','5219 S 7th St','Phoenix','AZ','85040',"'Restaurants, Chinese'",7,3.0,33.3988115,-112.0643808
99668,'JkzqS4JDOpoHrj534rzvAA','International House of Food','1402 W Van Buren St','Phoenix','AZ','85007',"'American (Traditional), Caterers, Mexican, Restaurants, Breakfast & Brunch, Chinese, Event Planning & Services'",270,4.5,33.451553999999994,-112.090521
101239,'rZy_R2plYStLFyZR92WNZw','China Star Super Buffet','3507 W Dunlap Ave','Phoenix','AZ','85073',"'Asian Fusion, Restaurants, Chinese, Buffets'",7,3.0,33.5674031,-112.1350865
101529,'99SIqECc0WgGFX0nkAgtjA','The Lotus Acupuncture and Wellness Center',"'29 W Thomas Rd, Ste 101'",'Phoenix','AZ','85013',"'Acupuncture, Traditional Chinese Medicine, Medical Spas, Beauty & Spas, Reiki, Health & Medical'",17,5.0,33.4798836,-112.0754424
102907,'AwmLDzqJ0aMGZTYYoZnxWg','Hong Kong Kitchen',"'510 E Baseline Rd, Ste D3'",'Phoenix','AZ','85042',"'Szechuan, Cantonese, Chinese, Restaurants'",78,4.0,33.3785493093,-112.06669780930001
103836,'3nzK3K-Dfo1L6mpB8FTKkw','Pei Wei Asian Diner','Phx Sky Harbor Airport','Phoenix','AZ','85034',"'Asian Fusion, Chinese, Japanese, Restaurants'",93,2.5,33.437255957800005,-112.00187886209999
103867,'3Ru1_F8GoUcV-QwhX378hA','Asian Dining Chinese Restaurant','5030 E McDowell Rd','Phoenix','AZ','85008',"'Chinese, Asian Fusion, Restaurants'",85,3.0,33.4659806,-111.9730621
104225,'fseN-tYwcbjtYm7DjjEjLw','Wang Express',"'4747 E Bell Rd, Ste 19'",'Phoenix','AZ','85032',"'Restaurants, Fast Food, Chinese'",97,3.5,33.6400213,-111.9781923
106169,'rp5RXEpoAj-k3c4_QP6LMQ',"""AJ's Mongolian BBQ""",'9620 N Metro Pkwy W','Phoenix','AZ','85051',"'Mongolian, Barbeque, Restaurants, Chinese'",53,3.0,33.5734857,-112.12576409999998
107445,'_fTBHNW58xuw0MMbgZTz9w','Beijing Garden Chinese',"'668 N 44th St, Ste 112'",'Phoenix','AZ','85008',"'Food, Szechuan, Chinese, Restaurants'",83,3.0,33.4551786,-111.9882994
108242,'jvwzhzA9vsfJHCdlbLkHZw','Little Shanghai','4017 E Indian School Rd','Phoenix','AZ','85018',"'Chinese, Asian Fusion, Restaurants'",70,3.5,33.494646,-111.9947
110335,'355zerURpj4IMs2no238_A','Pei Wei',"'267 E Bell Rd, Ste 1'",'Phoenix','AZ','85022',"'Fast Food, Gluten-Free, Restaurants, Asian Fusion, Chinese'",153,2.5,33.6402046465,-112.0709323883
110712,'B1TlRyjCW3Ygkp95MACffA','Que Huong Restaurant',"'3424 N 19th Ave, Ste 8'",'Phoenix','AZ','85015',"'Chinese, Restaurants, Vietnamese'",15,4.5,33.4884076,-112.10022
111531,'IycHntUVv2kyIo7w9FJWlA','Hao Bao','234 Johnson St','Phoenix','AZ','85043',"'Food, Food Trucks, Chinese, Restaurants'",42,4.5,33.4483412922,-112.07399438469999
111962,'HbLNib13kdNkvq_A9O_waw',"""Marcia's Long Wong's""",'5 W Baseline Rd','Phoenix','AZ','85041',"'Restaurants, Pizza, Chicken Wings, Seafood, Chinese'",27,3.5,33.3768773628,-112.0736635773
114744,'WzrMNz9eUF78RgZGDTS8xg','Pei Wei',"'4340 E Indian School Rd Bldg A, Ste 23'",'Phoenix','AZ','85018',"'Restaurants, Asian Fusion, Fast Food, Japanese, Korean, Gluten-Free, Chinese'",163,3.0,33.4954691,-111.9881878
115815,'0lHtf-jgvPGKDoGCnzONDQ',"""Dragon's Lair Acupuncture""",'1325 E Northern Ave','Phoenix','AZ','85020',"'Traditional Chinese Medicine, Qi Gong, Active Life, Acupuncture, Fitness & Instruction, Health & Medical'",5,5.0,33.5527633,-112.0536046
116354,'uTlDVK8-7VwpLhHnCRTCLg','New Bamboo','502 E Thunderbird Rd','Phoenix','AZ','85022',"'Nightlife, Cocktail Bars, Bars, Chinese, Restaurants, Seafood'",51,2.5,33.608092799999994,-112.0663045
117036,'I_a74zmgR-X03LsKISWPcg','Snoh Ice Shavery',"'914 E Camelback Rd, Unit 4B'",'Phoenix','AZ','85014',"'Chinese, Food, Ice Cream & Frozen Yogurt, Desserts, Coffee & Tea, Bubble Tea, Restaurants, American (Traditional), Shaved Ice'",665,4.5,33.509761,-112.060884
117884,'LpdW1vh1AVm5QznEL5j03g','Panda Express','998 E Indian School Rd','Phoenix','AZ','85014',"'Fast Food, Chinese, Restaurants'",64,2.5,33.495094300000005,-112.0612829
118010,'I8TOosBLYKxZMAYNNyGEyg','Tasty House Chinese Restaurant',"'1512 W Bell Rd, Ste 7'",'Phoenix','AZ','85023',"'Restaurants, Chinese'",64,2.5,33.640995700000005,-112.0922881
119317,'sfGYIlU3ji6V3c0aWyny5A',"""Lim's Chinese Restaurant""",'7532 W Indian School Rd','Phoenix','AZ','85033',"'Cantonese, Chinese, Specialty Food, Food, Ethnic Food, Restaurants'",13,4.0,33.494652,-112.2221676
120896,'_7hhpjQHxjPi0gNzzMmO6g','New Sun Star Super Buffet','5819 S Central Ave','Phoenix','AZ','85040',"'Restaurants, Chinese, Buffets'",8,2.5,33.3931314,-112.0719492
121475,'C5bmtDRAtl5iMGmBCF5prw','May Garden Restaurant','5814 W Indian School Rd','Phoenix','AZ','85031',"'Archery, Buffets, Active Life, Restaurants, Chinese'",63,3.5,33.4953983,-112.1851933
121749,'njiPpJhy94Ojq91Bev6ckA','Panda Express','5010 W Baseline Rd','Phoenix','AZ','85339',"'Restaurants, Fast Food, Chinese'",96,1.5,33.3781912,-112.1664478
122714,'ssf-ae49kg8kwUgS9R36_Q','Accurate Acupuncture',"'5110 E Warner Rd, Ste 201'",'Phoenix','AZ','85044',"'Acupuncture, Beauty & Spas, Traditional Chinese Medicine, Health & Medical, Naturopathic/Holistic, Doctors'",5,5.0,33.3347971454,-111.9762919884
122841,'BzgeGVOPetKDcgv9FCbpkw','Panda Express','4025 E Chandler Blvd','Phoenix','AZ','85048',"'Chinese, Restaurants, Fast Food'",33,2.0,33.3044612,-111.9945187
123162,'UlyCnc4_Suu2DSqYQSwkqQ','101 Asian Buffet','20440 N 27th Ave','Phoenix','AZ','85027',"'Restaurants, Buffets, Chinese'",32,3.0,33.673322,-112.11792
123360,'pr4ZaLR1Zxi7InMCPYMm-A','COFCO Chinese Culture Center','668 N 44th St','Phoenix','AZ','85008',"'Chinese, Local Flavor, Restaurants, Asian Fusion, Shopping, Shopping Centers, Outlet Stores'",53,3.5,33.455448100000005,-111.9884855
123489,'aJR1iUWwNVBM692gq7adBA','The Wok Express','4835 E Greenway Rd','Phoenix','AZ','85034',"'Chinese, Restaurants'",120,3.5,33.6249404335,-111.976185835
125541,'ZDTcBK9f7PP4oLDf2VrgGg','George Yang\xe2\x80\x99s Chinese Cuisine','6048 N 16th St','Phoenix','AZ','85016',"'Chinese, Restaurants'",9,4.0,33.5251608388,-112.0475491333
126941,'Mp6bQX-5sQLWZLQxIsTJwQ','Rooted Community Acupuncture',"'14620 N Cave Creek Rd, Ste 3'",'Phoenix','AZ','85022',"'Acupuncture, Health & Medical, Traditional Chinese Medicine, Community Service/Non-Profit, Local Services'",7,5.0,33.6191826,-112.0315685
127154,'1CqDdPrrb0xvQpgu7fhI5w',"""P.F. Chang's""",'2420 W Happy Valley Rd','Phoenix','AZ','85085',"'Gluten-Free, Asian Fusion, Restaurants, Chinese'",229,3.0,33.7133925997,-112.1113330319
128129,'j-NE_pYsRf7UXCevLc5ugQ','China Asia Super Buffet','5301 W Indian School Rd','Phoenix','AZ','85031',"'Chinese, Restaurants, Buffets'",7,3.0,33.4944863,-112.1737689
128582,'8Sbs3VDs3KQnawJZR-77MA','Crown China Super Buffet','5505 N 7th St','Phoenix','AZ','85014',"'Restaurants, Chinese, Buffets'",17,2.5,33.516776799999995,-112.0646478
129287,'WwvSDgFkx3f0piozrdMxtQ',"""Ling and Louie's Kitchen""",'2502 E Camelback Rd','Phoenix','AZ','85016',"'American (New), Restaurants, Asian Fusion, Mexican, Chinese'",46,3.0,33.51020680000001,-112.0272041
129296,'dHTGzM4_3kKEiQvab9mi9A','Panda Garden','4730 E Warner Rd','Phoenix','AZ','85044',"'Chinese, Restaurants'",137,4.0,33.331944983,-111.9816185053
130394,'Lfo8OEUIcswnMLIAXpFWYg','Kwan & Wok Chinese Restaurant','1702 W Camelback Rd','Phoenix','AZ','85015',"'Chinese, Restaurants'",56,3.5,33.510177899999995,-112.0961681
130871,'ZEITJ0inX8sR5temoACElA','Blue Serenity Acupuncture',"'16601 N 40th St, Ste 125'",'Phoenix','AZ','85032',"'Health & Medical, Acupuncture, Naturopathic/Holistic, Traditional Chinese Medicine, Doctors'",9,5.0,33.6376611,-111.9953324
131030,'BvrG8XMpTtlJYWhOCbnpaQ','Mu Shu Asian Grill','1502 W Thomas Rd','Phoenix','AZ','85015',"'American (Traditional), Restaurants, Asian Fusion, Vegan, Chinese'",178,4.0,33.480771000000004,-112.09158
131079,'ruo16t1qd2aywwUE47Ojnw','Blazin Mongolian BBQ','9620 N Metro Pkwy W','Phoenix','AZ','85051',"'Barbeque, Mongolian, Chinese, Gluten-Free, Restaurants, Food, Asian Fusion, Buffets, Do-It-Yourself Food'",105,4.5,33.5734409,-112.12569609999998
131188,'_0-ufDtoqCBgI1_9oYwQNQ','Health for Life Naturopathic Medicine',"'16601 N 40th St, Ste 110'",'Phoenix','AZ','85032',"'Traditional Chinese Medicine, Preventive Medicine, Naturopathic/Holistic, Midwives, Alternative Medicine, Doctors, Family Practice, Acupuncture, Health & Medical'",8,5.0,33.637636900000004,-111.9954897
131799,'rgTcICdtCXoNXc71Z7-t5g','Flamingo Palace',"'350 E Bell Rd, Ste 3'",'Phoenix','AZ','85022',"'Chinese, Restaurants'",220,3.5,33.6416544,-112.0687638
132436,'sgyc0SN3pWJWTYc9w-PVmQ','Panda Gourmet','9020 N 19th Ave','Phoenix','AZ','85021',"'Chinese, Restaurants'",5,3.5,33.5682459,-112.100125
132494,'rca1HN4qRsZfmpxmlFWNDQ','Hong Kong Express','668 N 44th St','Phoenix','AZ','85008',"'Chinese, Restaurants'",16,3.5,33.455448100000005,-111.9884856
133338,'wZ3MABp8WcSHfZrlEQa5dw','Panda Express','10637 N Tatum Blvd','Phoenix','AZ','85028',"'Fast Food, Chinese, Restaurants'",21,2.5,33.5842663,-111.9767865
133379,'gInQfPUFJsOICDYc5VDJIA','WoodCreek Acupuncture & Chinese Medicine',"'2730 W Agua Fria Fwy, Ste 100 Office E-5'",'Phoenix','AZ','85027',"'Traditional Chinese Medicine, Health & Medical, Acupuncture'",5,5.0,33.670245200000004,-112.1193245
134828,'bxgrZLHU3R3dhDM32VXuGw','Asian Seafood Buffet',"'668 N 44th St, Ste 101'",'Phoenix','AZ','85008',"'Chinese, Seafood, Restaurants'",7,2.5,33.4552907,-111.9878697
135535,'9RSgLa87uZTZKdTvxy2qyg','Pei Wei','10450 North 28th Dr','Phoenix','AZ','85051',"'Chinese, Gluten-Free, Restaurants, Asian Fusion, Fast Food'",67,3.0,33.5813926,-112.1221406
135801,'kzuQsq0KPWLeKFtnLXXyHg',"""Tam's""",'1714 E Broadway Rd','Phoenix','AZ','85040',"'Restaurants, Chinese'",57,4.0,33.407148,-112.04433020000002
135880,'Zj3hKT7KlKSCAb4XCz4dgQ','Lao Ching Hing',"'Cofco Chinese Cultural Ctr, 668 N 44th St'",'Phoenix','AZ','85008',"'Chinese, Restaurants'",43,3.0,33.4552907,-111.9878697
139012,'jyZqmlaziZKtPv8AVTzciw',"""Diamond's Chinese Restaurant""",'4402 N 7th Ave','Phoenix','AZ','85013',"'Restaurants, Chinese'",88,3.5,33.500437100000006,-112.082731
139295,'sWeVNiPulXsD8PWhEtn9Ew','Jade The Taste of China',"'9641 N Metro Park W, Ste MM1'",'Phoenix','AZ','85051',"'Chinese, Cantonese, Restaurants'",31,4.5,33.574409,-112.121729
140825,'3aKmNE2coy5YLBCIu676og','Love Cuisine',"'3633 W Camelback Rd, Ste 7'",'Phoenix','AZ','85019',"'Soul Food, Caribbean, Chinese, Restaurants, African'",89,4.5,33.5091503,-112.1372596
141006,'ZaMY0vMwnpx-kbAK5ROhHg','Panda Express','21001 Tatum Blvd','Phoenix','AZ','85050',"'Fast Food, Food, Asian Fusion, Event Planning & Services, Desserts, Chinese, Caterers, Restaurants'",20,2.5,33.675653000000004,-111.971447
141174,'fRRgBZGxQ-BeAlJTS4JaWw','Chen & Wok','3431 W Thunderbird Rd','Phoenix','AZ','85053',"'Chinese, Restaurants, Thai'",22,3.5,33.6102143,-112.1328126
141455,'LjxuUvIQ-tWNHyGNfJ6UzA','China Olive','3434 E Thomas Rd','Phoenix','AZ','85018',"'Restaurants, Buffets, Chinese'",5,2.5,33.480827000000005,-112.007051
141677,'QdvROupQvDDQIaHrTGNgKA','Szechwan Palace',"'668 N 44th St, Ste 108, Cofco Chinese Cultural Center'",'Phoenix','AZ','85008',"'Chinese, Szechuan, Restaurants'",302,3.5,33.4552320752,-111.9890147725
142241,'qwt9fL28iSpaWyF5pgNd8w','Panda Express',"'7000 E Mayo, Ste 1026'",'Phoenix','AZ','85054',"'Asian Fusion, Event Planning & Services, Chinese, Fast Food, Restaurants, Caterers, Vietnamese'",30,2.0,33.655595,-111.929181
142800,'khxjYMwb_V8UovvwPVhysw','Hong Kong Asian Cuisine',"'3170 W Carefree Hwy, Ste 1'",'Phoenix','AZ','85086',"'Japanese, Chinese, Asian Fusion, Restaurants'",70,2.5,33.80026220000001,-112.1287294
142921,'kWbCj-QDpzV2MieHMrEICw','South China Buffet','4515 N 7th Ave','Phoenix','AZ','85013',"'Chinese, Buffets, Restaurants'",7,2.5,33.5026862,-112.0821589
143175,'eznFPTK8qoFLfDr_FZhBpg','Shanghai Express','3302 W Thomas Rd','Phoenix','AZ','85017',"'Chinese, Restaurants'",23,3.5,33.4808815,-112.1306795
143299,'e6IE5-VpesDP17R6ISaFZw','Urban Wellness',"'2024 N 7th St, Ste 201'",'Phoenix','AZ','85006',"'Beauty & Spas, Naturopathic/Holistic, Health & Medical, Acupuncture, Life Coach, Professional Services, Massage, Yoga, Fitness & Instruction, Nutritionists, Traditional Chinese Medicine, Active Life, Reiki, Doctors, Massage Therapy'",5,5.0,33.470445299999994,-112.0657354
143971,'URFhSrJPk7JM2pUtsuWsAg','China Chili','302 E Flower St','Phoenix','AZ','85012',"'Restaurants, Malaysian, Singaporean, Chinese'",518,4.0,33.485819199999995,-112.0691361
144107,'0HRNeFrQt31b-lD9kVdHog','Golden China','10720 W Indian School Rd','Phoenix','AZ','85037',"'Chinese, Restaurants'",39,3.5,33.495417,-112.29098
144185,'8lXzGpkfb3aqmwPyXlYhCw','Thunderbird Medicinal Herbs & Acupuncture',"'720 E Thunderbird Rd, Ste 4'",'Phoenix','AZ','85022',"'Vitamins & Supplements, Shopping, Health & Medical, Beauty & Spas, Acupuncture, Medical Spas, Traditional Chinese Medicine'",5,5.0,33.608101299999994,-112.064095
144815,'wlWcG-pUPZGWPtR_JfnWqQ','The Healing Point',"'16815 S Desert Foothills Pkwy, Ste 119'",'Phoenix','AZ','85048',"'Health & Medical, Massage Therapy, Acupuncture, Beauty & Spas, Massage, Traditional Chinese Medicine'",6,5.0,33.2944317,-112.0627957
144825,'5Je2-6KDxPQJZdItfo1ngg','China City Super Buffet','5301 W Indian School Rd','Phoenix','AZ','85031',"'Chinese, Buffets, Restaurants'",10,2.5,33.494228,-112.173698
144985,'I_WWH2vYccjz-QxW3u1zJA','Hibachi Grill & Supreme Buffet','2929 N 75th Ave','Phoenix','AZ','85033',"'Buffets, Restaurants, Chinese'",63,3.0,33.4816205654,-112.21891574889999
145068,'lf7PP9U5l_x1bbUqa7DIzA','Chop Chop Chinese Kitchen',"'2450 W Happy Valley Rd, Ste 1155'",'Phoenix','AZ','85027',"'Restaurants, Chinese'",3,3.0,33.82895,-112.1217
145144,'Hrdtw96wtysMODFrgjzPoA','Natural Medicine & Detox Center','2701 N 7th Stree','Phoenix','AZ','85006',"'Acupuncture, Traditional Chinese Medicine, Beauty & Spas, Health & Medical, Massage Therapy, Nutritionists, Medical Spas, Naturopathic/Holistic, Doctors'",21,4.0,33.4781437,-112.0648
145741,'6nRbHreAZzP_RDqUyD1FPg','Pong Pong','3332 W Bell Rd','Phoenix','AZ','85053',"'Chinese, Restaurants'",81,3.5,33.6398056,-112.1310475
146393,'ecn5dq7bFA6wCeeNnXxSzw','Pei Wei',"'742 E Glendale Ave, Ste 110'",'Phoenix','AZ','85020',"'Asian Fusion, Chinese, Fast Food, Restaurants, Gluten-Free'",187,2.5,33.538974413000005,-112.06476110870001
147599,'SMXmELJ8jFBPDq3VWRlLeQ','JC Sushi and Chinese','2740 W Bell Rd','Phoenix','AZ','85053',"'Sushi Bars, Chinese, Restaurants, Vietnamese'",177,3.5,33.640391383200004,-112.11905792360001
147769,'C-I1D7Cvz4KRrl0Dh5hcqA','Strength Doctor','','Phoenix','AZ','85042',"'Acupuncture, Naturopathic/Holistic, IV Hydration, Health & Medical, Traditional Chinese Medicine, Doctors, Medical Centers, Home Health Care'",3,5.0,33.376293100000005,-112.03571370000002
149983,'tFcmrGLZNEymSnijoTPmqw','Desert Jade','3215 E Indian School Rd','Phoenix','AZ','85018',"'Restaurants, Chinese'",242,3.5,33.4949815,-112.0122861
150795,'rCoAHVl3tXXAE_Kl4MVgWg','Thai Basil','3110 N Central Ave','Phoenix','AZ','85012',"'Thai, Chinese, Restaurants'",229,3.5,33.4834351459,-112.07514688059999
150938,'wHwbF9guKV34aF7vaUHaJQ','Harmony and Health Acupuncture',"'4020 N 20th St, Ste 212'",'Phoenix','AZ','85016',"'Nutritionists, Traditional Chinese Medicine, Health & Medical, Acupuncture'",16,5.0,33.493681,-112.0393932
151860,'_287i8ZeEf0H1LiqPhyvBg',"""Yi's Chinese Restaurant""","'1512 W Bell Rd, Ste 7'",'Phoenix','AZ','85023',"'Chinese, Restaurants'",71,4.5,33.640995700000005,-112.0922881
151986,'LjCrhp_Rys2bCIJHz5EGBA','Golden Coin','3224 E Thomas Rd','Phoenix','AZ','85018',"'Restaurants, Buffets, Chinese'",41,3.0,33.4807982,-112.01165729999998
153678,'qg4Llk2nUwazi40XViCs9Q','Sedona Wellness Spa',"'4232 E Chandler Blvd, Ste 14'",'Phoenix','AZ','85048',"'Health & Medical, Massage, Beauty & Spas, Traditional Chinese Medicine, Acupuncture'",18,3.0,33.305824,-111.991311
154170,'_Mt217a3ia0TDuNRDFY6Tw','South China Express',"'1616 W Montebello Ave, Ste F'",'Phoenix','AZ','85015',"'Restaurants, Chinese'",4,2.0,33.521921,-112.094051
155343,'h7As2jB8bhfFxCMCvdssWA',"""Wong's Chinese Dining""",'1139 E Buckeye Rd','Phoenix','AZ','85034',"'Chinese, Restaurants'",107,4.0,33.436687,-112.05666
155420,'5g6fssi_52emmju-vwPahQ','South China BBQ Hong Kong Style','4515 N 7th Ave','Phoenix','AZ','85013',"'Food, Chinese, Restaurants'",10,3.5,33.5027018,-112.082414
155886,'5O_PnqfRXSHPaw_2DMAimA','Sun Tree Healing Arts',"'7227 N 16th St, Ste 216'",'Phoenix','AZ','85020',"'Massage Therapy, Health Coach, Health & Medical, Acupuncture, Meditation Centers, Fitness & Instruction, Active Life, Counseling & Mental Health, Traditional Chinese Medicine'",11,5.0,33.5426183,-112.0466077
156497,'cTkya76AXsXylIyl5bFn4w','Star Wok','2201 N 83rd Ave','Phoenix','AZ','85035',"'Restaurants, Chinese'",56,4.0,33.472124900000004,-112.2370041
156591,'HV3Q2JYwK9AvMHPYXcxzag','Silver Dragon Chinese Restaurant','1739 W Glendale Ave','Phoenix','AZ','85021',"'Cantonese, Szechuan, Chinese, Restaurants'",86,4.0,33.538144,-112.096976
158747,'LQ-gMAQLbPVxjrBYCJ1ApQ','Little Dragon Chinese Restaurant','4327 W Thomas Rd','Phoenix','AZ','85031',"'Chinese, Restaurants'",78,4.0,33.480090399999995,-112.15312790000002
159428,'etKX80Dt809Q6K5Hueu5TQ','Panda Express','3448 W Peoria Ave','Phoenix','AZ','85029',"'Fast Food, Chinese, Restaurants'",13,2.5,33.5823749,-112.1335903
159779,'LCvHBQBxcFm9dyW2uxTO9Q','Dong-A','4808 N 35th Ave','Phoenix','AZ','85017',"'Chinese, Restaurants, Vietnamese'",18,3.5,33.508191100000005,-112.134648
160736,'YKImxc9VimLbDl2sQN1BBQ','Abacus Inn Chinese Restaurant','3509 W Thunderbird Rd','Phoenix','AZ','85053',"'Cantonese, Hotels, Vegetarian, Hotels & Travel, Restaurants, Chinese, Event Planning & Services, Caterers, Chicken Wings, Soup, Noodles'",137,3.5,33.6092435,-112.1345905
161309,'A2pHOVp0zh7grb1bbZxoBQ','Little Peking','10608 N 32nd St','Phoenix','AZ','85028',"'Restaurants, Chinese'",70,4.0,33.5828625,-112.0131078
161623,'iM-sH2Ey0IWbk9Y_FY5rwg','New China','6044 S 16th St','Phoenix','AZ','85042',"'Restaurants, Seafood, Buffets, Chinese'",9,3.5,33.3914398,-112.0491149
162456,'BB7Zk7p76N029MoOkO4FZQ','Peter Wong Chinese Restaurant','1534 W Camelback Rd','Phoenix','AZ','85015',"'Restaurants, Chinese, Dim Sum'",13,3.0,33.5095738,-112.0922595
163589,'bRj5r9xr56CvwL7-RmB2dw','Panda Express','5229 W Indian School Rd','Phoenix','AZ','85031',"'Restaurants, Fast Food, Chinese'",39,2.0,33.4945829,-112.1722461
163683,'VRhFa6FzRUaPSayVfdLs4Q','Pei Wei','','Phoenix','AZ','85034',"'Restaurants, Asian Fusion, Chinese'",12,2.0,33.4382789,-112.0178286
164013,'TOfthw3SAWmp7E1napR65w','The MassageMobile','','Phoenix','AZ','85012',"'Massage Therapy, Health & Medical, Physical Therapy, Traditional Chinese Medicine, Beauty & Spas, Tui Na, Massage, Reflexology'",3,5.0,33.511433399999994,-112.0685027
166499,'eQZJj-gxNn9BBlVZaBAoLg','The Way',"'4840 E Indian School Rd, Ste 105'",'Phoenix','AZ','85018',"'Traditional Chinese Medicine, Naturopathic/Holistic, Doctors, Acupuncture, Tai Chi, Active Life, Health & Medical, Fitness & Instruction, Massage Therapy'",12,4.5,33.4954835,-111.9768882
169256,'RJKbewB0SzRZpIvQmiF-dQ','New North China','12835 N Cave Creek Rd','Phoenix','AZ','85022',"'Restaurants, Cantonese, Chinese'",45,3.5,33.603719,-112.036227
169284,'eZQbDYQTZk0_cBroVxnPWg','Siu Wok','2801 N Central Ave','Phoenix','AZ','85012',"'Chinese, Restaurants'",202,3.5,33.479063000000004,-112.073311
169407,'KCVnCb6TvTzoDp4t-Qf4wQ',"""Segal's Oasis Grill & Kosher Foods""",'4818 N 7th St','Phoenix','AZ','85014',"'Chinese, Kosher, American (Traditional), Restaurants'",39,3.0,33.50796,-112.065353
170057,'9SNebKqP9jtwM7ebzsu3nA','Best Wok Chinese Restaurant',"'5030 W McDowell Rd, Ste 50'",'Phoenix','AZ','85035',"'Buffets, Chinese, Restaurants, Seafood'",31,3.0,33.466359999999995,-112.16831100000002
171185,'n2sA7raIheUCgBq14Vlt5w',"""Long Wong's Hot Wings""","'4344 W Indian School Rd, Ste 39'",'Phoenix','AZ','85031',"'Chicken Wings, American (Traditional), Burgers, Restaurants, Chinese'",22,3.0,33.495717,-112.154158
171234,'ej45GszF63f15OmzDaKfZQ','Panda Express',"'4550 E Cactus Rd, Ste 103'",'Phoenix','AZ','85032',"'Restaurants, Fast Food, Chinese'",7,3.0,33.6021872,-111.9836094
172483,'Mca0HEKs8Xfa4VimLD1uGQ','A A Wok',"'3202 E Greenway Rd, Ste 1289'",'Phoenix','AZ','85032',"'Restaurants, Chinese'",6,3.0,33.6272318,-112.0121147
172568,'ropJyZdmv6NeDU2Vz1I_Hg','Golden Buddha','668 N 44th St','Phoenix','AZ','85008',"'Chinese, Restaurants'",136,3.0,33.455448100000005,-111.9884856
173434,'UUtWoDyREiy9MPdtTRFUYQ',"""George & Son's Asian Cuisine""",'3049 W Agua Fria Fwy','Phoenix','AZ','85027',"'Chinese, Asian Fusion, Restaurants, Buffets, Thai'",413,4.5,33.66673016030001,-112.1243880755
175772,'4_yC0H9EVUFDmEj4sNaMiQ','Big Heng','1739 W Glendale Ave','Phoenix','AZ','85021',"'Restaurants, Chinese'",11,4.5,33.538144,-112.096976
178125,'9ULcHyUTN1O16Vr8KUMQew','Mr. Cooks Chinese Cuisine','3208 E Cactus Rd','Phoenix','AZ','85032',"'Chinese, Restaurants'",161,3.0,33.5974146,-112.0124025
178139,'raQFxUEzh8bfHUQLkiNHcg','Taiwan Express',"'668 N 44th St, # 66A'",'Phoenix','AZ','85008',"'Chinese, Delis, Restaurants, Fast Food'",8,3.5,33.455448100000005,-111.9884856
178585,'r9J4uFdWhDgH8poy1KTdDg','Panda Express','2388 E Union Hills Dr','Phoenix','AZ','85024',"'Chinese, Restaurants, Fast Food'",42,2.0,33.655411332199996,-112.03142948450001
179326,'H2RgkjPs3W-CxbyygCJJew','Pacific Gardens','4747 E Elliott Rd','Phoenix','AZ','85044',"'Asian Fusion, Restaurants, Chinese, Sushi Bars'",89,4.0,33.348190171599995,-111.98333329139999
180808,'QjgcO46oKDixhFYpmPL38g','Beijing Beijing','1327 E Chandler Blvd','Phoenix','AZ','85048',"'Restaurants, Chinese'",7,2.0,33.30425630000001,-112.0546086
181000,'9OwoNe9ksUeU6zYasGhrPA','China Harvest Buffet','12407 N 28th Dr','Phoenix','AZ','85029',"'Buffets, Restaurants, Chinese'",40,2.5,33.5974554,-112.1197812
181247,'szhJLmdLDVFTevm8fu0T4A','Great Wall Cuisine',"'3446 W Camelback Rd, Ste 155'",'Phoenix','AZ','85017',"'Cantonese, Dim Sum, Chinese, Restaurants'",465,3.5,33.5109875515,-112.1332770941
182084,'tYRXT7VdchMAvOUU01emMA','Hong Kong Express Chinese Food','1501 N 43rd Ave','Phoenix','AZ','85009',"'Chinese, Restaurants'",3,2.5,33.4649255,-112.1514513
182551,'LKTx0oPOrn_81n6DJpNk5g',"""Flo's Shanghai Cafe""","'Sky Harbor International Airport, Terminal 4'",'Phoenix','AZ','85034',"'Restaurants, Chinese'",10,2.5,33.439648,-112.026154
182988,'YaEPtPnEqh3WSsGq7cL44Q','Wahsun Chinese Restaurant','8056 N 19th Ave','Phoenix','AZ','85021',"'Food, Chinese, Restaurants, Specialty Food'",69,4.0,33.554095399999994,-112.1001383
183339,'aI3CUcnQbjn1jdcl6NfatQ','China Super Buffet','8801 N 7th St','Phoenix','AZ','85020',"'Restaurants, Chinese'",3,3.0,33.5645681,-112.06464440000002
184319,'kP2wC0luve3mT5fcdrA3nQ','China Village','2710 E Indian School Rd','Phoenix','AZ','85016',"'Chinese, Restaurants, Event Planning & Services, Caterers, Asian Fusion, Soup, Noodles'",199,4.0,33.4954022,-112.0229986
184615,'67sq73gTdgHN0atGtIgDtA','Great Wall Buffet','10605 N 43rd Ave','Phoenix','AZ','85029',"'Buffets, Chinese, Restaurants'",24,2.5,33.5823628,-112.1498845
184681,'mRubgo8WfjraJkE5Bvbf6w','Savor Flavor Asia',"'4905 E Ray Rd, Ste 102'",'Phoenix','AZ','85044',"'Restaurants, Asian Fusion, Japanese, Vietnamese, Chinese, Thai'",243,3.5,33.317289,-111.9777108
184836,'rT8DwZu7pvuWKRM1nwVuug','Bamboo China Restaurant','7575 N 16th St','Phoenix','AZ','85020',"'Restaurants, Chinese'",37,3.5,33.546257000000004,-112.04685
185699,'BzZNKx6Des02RuAtT-uOPw','Fate 905','905 N 4th St','Phoenix','AZ','85004',"'Chinese, Restaurants, Asian Fusion'",85,3.0,33.4579128,-112.0686777
185792,'-PJgh1XoQBMnnSgg6MhmMA','Hong Kong Chinese Cuisine','1920 W Thunderbird Rd','Phoenix','AZ','85023',"'Restaurants, Food, Chinese, Food Delivery Services'",38,3.5,33.6115344,-112.1008488
185972,'dZ4haBsXeESSij53suTQ2w','Canton Wong #2','6023 N 19th Ave','Phoenix','AZ','85015',"'Chinese, Restaurants'",6,2.5,33.5249615,-112.0996375
186872,'2WErPL5DZKuYpQDRjC49nw','Golden Panda','13849 N 19th Ave','Phoenix','AZ','85023',"'Chinese, Fast Food, Restaurants'",6,4.0,33.612328000000005,-112.0992761
187306,'1rbb8ntTOpSolQv60CGcsQ',"""Ming's Pagoda""",'12019 N 19th Ave','Phoenix','AZ','85029',"'Chinese, Restaurants'",74,3.5,33.5954225,-112.0991023
187753,'AEYNihHmGIjmUciRFo3qwA',"""Yin's Chinese Resturant""","'1950 W Indian School Rd, Ste 12'",'Phoenix','AZ','85015',"'Chinese, Restaurants'",49,4.0,33.4954861,-112.101757
189016,'jlcnzJ_0Sr2w3l7Z9HaVow',"""Lin's Grand Buffet""",'3955 E Baseline Rd','Phoenix','AZ','85042',"'Restaurants, Seafood, Chinese, Buffets'",218,3.0,33.377347201199996,-111.9975112751
189583,'8IblwilNlenDVwBbEzQEVg','Canton Dragon','7307 W Indian School Rd','Phoenix','AZ','85033',"'Chinese, Restaurants'",59,4.0,33.4942311,-112.2166761
190347,'tDYcVluqZwieulc1iqxGXg','Autumn Court Chinese Restaurant','3752 E Indian School Rd','Phoenix','AZ','85018',"'Chinese, Caterers, Restaurants, Event Planning & Services, Japanese, Sushi Bars'",258,3.5,33.4954047,-112.0000394
190354,'nQVPgOqVrNIWhY3F5kS79g','Pei Wok',"'3233 E Chandler Blvd, Ste 6'",'Phoenix','AZ','85048',"'Chinese, Restaurants'",25,4.0,33.3048555,-112.0124975
